<?xml version="1.0" encoding="UTF-8"?>
<!DOCTYPE suite SYSTEM "http://testng.org/testng-1.0.dtd">
<suite name="Assignment Suite">
	<listeners>
		<listener class-name="com.automation.assignment.listener.TestListener" />
	</listeners>
	<test name="timberlinefinancial Test Assignment">
		<parameter name="userName" value="TestUserName" />
		<parameter name="password" value="TestUserPassword" />
		<parameter name="url" value=" https://my.timberlinefinancial.com/s/login" />
		<classes>
			<class name="com.automation.assignment.TestLogin" />
		</classes>
	</test> <!-- Test -->
</suite> <!-- Suite -->